idx,lat,long
3064,27.9470458,-93.2034206
3063,29.998158,-91.559722
3062,29.4920806,-91.1836246
3061,29.1305856,-89.3316669
3060,29.3891667,-89.5980273
3059,29.87,-92.177194
3058,29.8367,-91.141995
3057,30.0047056,-93.3455829
3056,29.4235417,-90.6045912
3055,29.4920806,-91.183625
3054,29.8390639,-93.3251468
3053,29.7627833,-93.8829857
3052,29.2475,-90.2108051
3051,29.4244917,-90.5697662
3050,30.0287944,-90.1220273
3048,30.29305,-89.9341384
3047,29.9014583,-93.2324329
3046,29.405002,-90.703661
3045,29.9986,-91.5554669
3044,30.100278,-90.918611
3043,30.174722,-93.304166
3042,30.0570664,-90.6155827
3041,29.780308,-90.790478
3040,30.148376,-90.793056000000007
3039,30.23253,-92.05877
3038,30.0632389,-93.5929637
3037,29.1397222,-90.1335776
3036,29.9372222,-91.9013554
3035,29.7761111,-90.7271887
3034,29.4050028,-90.7058498
3033,30.2508333,-90.7746887
3032,29.8003694,-93.3476496
3031,30.0386833,-93.2838468
3030,29.9586667,-91.3056662
3029,29.5531778,-90.6104387
3028,29.3402389,-90.6383996
3027,29.9924083,-90.8361162
3026,28.9949833,-90.8465634
3025,29.5719528,-91.479322
3024,29.014325,-90.456478
3023,29.5746972,-91.4820829
3022,30.2763917,-90.7767579
3021,29.7469444,-90.6099718
3020,30.348262,-91.0907445
3019,30.2881,-93.4321
3016,30.5106433,-90.864041
3015,30.308936,-93.361298
3014,30.276397,-90.943967
3013,30.521,-89.95
3012,29.602094,-90.860436000000007
3011,30.56138,-90.48256
3010,30.3369556,-90.2804581
3009,30.0683722,-93.3478776
3006,29.3877806,-90.2644943
3004,29.89246,-90.9788
3003,29.90246,-90.9804
3002,30.1685,-90.8784
3001,30.20127,-93.3637
3000,29.38742,-90.6174
2999,29.4244,-90.5673
2998,30.46268,-90.0732
2997,28.79129,-91.0336
2991,29.5495389,-90.6356804
2990,29.4033583,-90.6997637
2989,30.35,-90.275522
2988,30.0952444,-83.3398165
2987,30.0213611,-93.7413998
2986,29.8501694,-89.6841998
2985,29.5425806,-90.3894415
2983,29.4769306,-90.1227804
2982,29.8677917,-89.8338804
2981,29.5386306,-90.860722
2980,29.9595622,-90.7438081
2979,30.3441667,-90.2774665
2978,29.9793556,-90.3301776
2977,29.6212889,-90.6912026
2976,29.3847556,-89.8102026
2974,30.29819,-93.22177
2973,29.88019,-90.50857
2972,29.976,-90.401
2971,29.7375389,-90.7355387
2970,30.2689361,-90.8062943
2969,30.07925,-90.9092998
2964,30.062509,-93.59108
2963,29.3874167,-90.6196026
2962,29.2808056,-91.1416609
2961,30.2936111,-89.9326387
2960,29.6922222,-91.378022
2959,30.4910646,-90.8993515
2958,30.04763,-90.55868
2957,30.200818,-91.015104
2953,30.095833,-90.471111
2952,29.2380519,-90.4520248
2951,29.714514,-91.079925
2950,29.909997,-91.216658
2949,29.562694,-89.474372
2948,29.209167,-89.044858
2947,29.740278,-90.945833
2946,29.654286,-92.4037
2945,29.692222,-91.375833
2944,29.805156,-93.433386
2943,29.952228,-90.326581
2942,29.499244,-90.525808
2941,30.081972,-93.257194
2940,29.218333,-90.019639
2939,29.619611,-90.978106
2938,29.784722,-92.152222
2937,29.442828,-89.530975
2936,30.0265999,-91.1220665
2935,29.58278,-89.81306
2934,32.53556,-92.0625
2933,30.315055,-90.939082
2932,30.21443,-90.95668
2931,30.30603,-89.78269
2930,28.6247978,-90.1475145
2929,30.00044,-90.836131
2928,29.832944,-91.990569
2927,30.364795,-91.137355
2926,29.983239,-91.197883
2925,29.069018,-90.02222222
2924,30.425224,-90.63893
2919,29.103167,-90.161128
2918,30.279397,-89.784081
2917,29.634244,-90.513075
2916,29.901861,-90.960136
2915,29.893044,-90.958942
2914,29.77575,-92.993222
2910,29.088208,-90.751036
2909,29.832944,-91.990569
2908,29.296538,-91.003044
2907,29.92144,-90.19503
2906,30.15780556,-93.25030556
2905,30.757939,-91.620726
2904,35.47138889,-89.58539444
2903,29.5914,-90.4661
2900,29.82699722,-90.912325
2899,29.47825833,-90.74919444
2896,29.41521667,-90.4997
2895,30.01085556,-90.40018889
2894,30.564501,-90.943301
2893,30.20742,-93.24039
2892,30.58063,-90.46933
2891,29.62463,-89.93812
2890,29.249344,-90.663308
2889,30.20742,-93.24039
2888,30.160008,-93.326394
2887,29.57347222,-90.712
2886,30.27731944,-90.81298333
2885,29.80629444,-91.33479722
2883,29.57161111,-92.21669167
2882,29.78611111,-93.06944444
2880,29.98850278,-93.05395556
2879,29.29654722,-91.00306389
2878,30.06302778,-93.35351389
2877,29.95331667,-90.16281389
2876,29.61833333,-89.80916667
2875,29.99472222,-91.44444444
2874,29.64094444,-91.11592222
2873,30.135341,-91.003596
2872,30.5039975,-90.21901056
2871,29.305489,-90.647222
2870,30.23145833,-90.95652222
2869,29.707222,-91.217778
2868,30.461503,-90.042049
2867,29.768406,-89.7894
2866,30.06166667,-93.35972222
2865,29.21079722,-90.03271111
2864,29.30541944,-90.64741667
2863,30.559172,-90.926555
2862,30.15138889,-93.56111111
2861,30.05891944,-90.97511111
2853,29.70722222,-91.21777778
2852,29.45483333,-90.12391389
2851,29.97189722,-90.30816944
2850,29.41914167,-90.20686111
2849,28.81627472,-89.78442194
2848,30.308888,-90.605833
2847,29.75863,-89.78526
2846,30.57502,-92.96238
2845,29.35133333,-90.62666667
2843,30.00660278,-90.28027222
2842,29.40306944,-91.19536944
2841,29.23366667,-90.00105833
2833,30.36109722,-90.08418611
2832,29.26465556,-90.96054444
2831,30.12883611,-89.22616111
2830,29.37063333,-90.91790278
2829,29.648472,-92.410667
2828,30.17308,-90.93909
2827,30.2909648,-93.250087
2826,29.210797,-90.032711
2825,29.70421944,-90.70606389
2824,29.99929444,-90.39141111
2823,29.85365,-93.05568333
2822,29.69293333,-91.37554444
2817,29.43408056,-89.52704167
2816,29.886613,-91.206416
2815,30.259167,-90.686389
2814,29.06717,-90.32224
2813,29.923169,-91.837506
2812,30.06173,-90.63511
2811,29.32671111,-89.60050833
2810,29.61277778,-90.87638889
2809,29.23906667,-89.36290278
2808,29.83853889,-92.30700278
2807,29.43633611,-90.55585833
2806,29.66166667,-92.22578333
2805,29.71308611,-90.63400833
2804,30.015278,-90.475556
2803,30.407233,-90.945731
2802,30.53859,-91.03181
2801,27.83985778,-93.32188583
2800,28.42831417,-91.46144111
2799,30.05913694,-89.99361472
2798,29.60669444,-89.77374722
2797,30.01472778,-90.40512222
2796,30.11703333,-90.76005556
2795,28.99941111,-89.39158889
2791,29.34426944,-90.24725556
2790,29.32692778,-89.31179444
2789,29.676919,-89.801079
2788,29.70378,-90.10567
2787,30.479833,-90.862719
2786,30.392612,-91.116982
2785,29.21309,-90.02903
2784,29.83767222,-93.17847222
2783,30.36793333,-90.12026111
2782,29.68871111,-90.09936111
2781,29.90578333,-91.68400278
2780,29.16494444,-90.208
2779,29.59941667,-89.55344444
2778,29.59825,-89.57008333
2777,29.57472222,-90.39277778
2776,29.38855556,-90.802525
2775,30.283,-90.73730833
2769,29.88823611,-90.14019167
2768,30.35699167,-90.27619167
2767,30.06530278,-93.34970278
2766,29.65525278,-90.76688889
2765,30.04299722,-90.95086944
2764,30.025956,-90.832591
2763,29.813494,-91.550747
2762,30.2169,-93.346
2761,30.434835,-90.150242
2760,29.86659444,-90.06906111
2759,30.50778,-91.201
2757,29.91194444,-91.22666667
2756,29.58094444,-90.05877222
2755,29.49851944,-90.55435556
2754,29.8,-92.70927778
2749,29.83638889,-92.08111111
2748,29.67305,-90.1105
2747,30.19528,-93.29278
2746,30.25255,-90.77877
2745,29.415214,-90.604786
2744,28.60283639,-91.88758778
2743,29.498519,-90.554355
2742,30.4747,-91.1999
2741,29.598755,-90.66638
2740,30.324067,-93.212219
2739,29.88368056,-91.07440833
2738,30.4397,-90.3373
2737,29.66986667,-90.10913056
2736,30.06120278,-93.29183333
2735,29.83120556,-89.96018056
2734,29.37407778,-89.36883889
2733,29.57852778,-89.11658333
2732,29.67306389,-90.11053889
2731,29.63542778,-90.46191944
2730,29.78958611,-93.75058611
2729,29.10623611,-89.28836944
2728,29.42434722,-90.60099722
2726,29.583652,-90.424155
2725,29.305675,-90.647405
2724,30.20161,-92.67786
2723,30.44999,-90.12
2722,30.420621,-91.363977
2721,28.70096556,-89.391925
2720,30.172042,-93.195964
2719,30.267378,-93.2896
2718,30.525314,-92.962742
2717,29.64633889,-91.10678333
2716,29.98111111,-93.27111111
2715,29.76916389,-90.01165556
2714,29.42312778,-90.36485
2713,29.78130278,-89.77763611
2712,30.42721667,-90.10883611
2711,29.99166667,-90.86333333
2708,29.85722222,-93.85527778
2707,30.283783,-91.315781
2706,30.203098,-93.244389
2705,29.84152,-90.06004
2704,29.91622222,-91.85375278
2703,29.53996111,-89.73319444
2702,29.79472222,-90.38694444
2701,29.37136111,-90.99236111
2700,29.47388889,-89.55277778
2697,29.55361111,-90.60380556
2696,29.18655278,-91.09697778
2695,29.56905,-89.80916389
2694,30.36793333,-90.12026111
2693,29.424347,-90.600997
2692,29.10741667,-91.05411111
2691,28.68569111,-90.16219611
2690,29.68856,-90.10002
2689,29.99111111,-91.19472222
2688,30.01708611,-91.15456667
2686,29.76840556,-89.7894
2685,29.775573,-89.844172
2684,30.559172,-90.926555
2683,30.625601,-92.37786
2682,29.76054444,-93.12613333
2681,29.1125,-90.2075
2680,30.52396,-90.13043
2679,29.47416667,-89.55194444
2678,29.6791,-91.1904
2677,30.05580556,-93.28709722
2676,30.202168,-90.920494
2675,30.244173,-93.315068
2674,30.07690556,-90.40536944
2673,29.6791,-91.1904
2672,30.997817,-91.79159
2671,29.470716,-90.558916
2670,30.245547,-93.235244
2669,29.59855,-90.39898056
2668,29.46977,-90.62916
2667,30.227727,-89.851541
2666,29.63564167,-90.46200278
2665,30.21731389,-89.82382778
2664,29.83294444,-91.99056944
2663,29.17963611,-89.25705278
2662,30.33357778,-90.40994444
2661,29.14934167,-90.47178333
2660,29.59875556,-90.66638056
2659,29.47369444,-91.20638889
2658,29.45111111,-89.40333333
2657,29.06717222,-90.32224444
2654,30.25972,-93.12111
2652,29.933,-90.1436
2651,30.0972,-90.4046
2650,29.77326111,-90.902675
2649,29.65416389,-91.25546389
2648,29.86369444,-93.44193611
2647,29.50963611,-92.047625
2646,30.279083,-91.251666
2645,29.566955,-90.745241
2644,28.21017806,-91.68684778
2643,28.3020575,-92.11810056
2642,28.61767861,-90.13768417
2641,28.14068556,-91.32345222
2640,29.40616111,-90.60781667
2638,30.00236389,-93.172175
2637,29.65075278,-90.53326389
2636,30.455876,-90.165207
2635,30.03190278,-93.42974722
2634,29.91333333,-90.35055556
2633,29.910075,-90.40978056
2632,29.39133056,-90.80131389
2630,29.83293611,-91.56703611
2629,29.68761111,-91.21536944
2628,29.999294,-90.391411
2627,29.819036,-93.004497
2626,30.226011,-92.064678
2625,30.560084,-91.047115
2624,30.37083333,-90.55888889
2623,29.61385278,-90.67662778
2622,29.86659444,-90.06906111
2621,29.46977222,-90.62915833
2620,29.85524722,-90.06517778
2619,29.72492278,-89.80059722
2618,29.46977222,-90.62915833
2617,29.56833333,-90.3725
2616,29.39055556,-90.80222222
2614,29.22343,-91.077619
2613,30.04187778,-90.95356944
2612,30.48543,-90.7374
2611,29.21382222,-90.46615833
2610,29.92730556,-91.20434722
2609,29.21382222,-90.46615833
2608,29.92730556,-91.20434722
2606,29.56972222,-89.51222222
2605,30.827449,-93.28937
2604,30.03598056,-93.24940278
2603,29.21055556,-89.05194444
2602,30.03723333,-93.25518333
2599,30.00551667,-91.11336111
2598,29.90781389,-91.22461389
2597,29.77722222,-93.40388889
2596,30.412817,-90.071095
2595,29.693899,-90.101699
2594,30.468444,-90.147267
2593,29.70378,-90.10567
2592,30.2598,-90.700125
2591,30.117435,-93.405134
2590,30.18637,-93.30649
2589,29.16915,-90.151575
2588,29.70677778,-91.21797222
2587,29.73638889,-93.87084722
2586,30.03987778,-90.439875
2583,29.126733,-90.879538
2582,29.758139,-90.103369
2581,29.999294,-90.391411
2580,29.92556,-89.94889
2579,29.210797,-90.032711
2578,29.415263,-90.604752
2577,30.026822,-90.117036
2576,29.399594,-90.994231
2575,29.703778,-90.1045
2574,29.612778,-90.876389
2573,29.939281,-90.277478
2572,29.7587,-89.785186
2571,29.251275,-90.68667222
2570,30.03828889,-90.43745278
2569,29.939728,-89.947375
2568,29.956064,-90.435922
2567,29.463772,-90.707986
2566,30.024556,-90.120917
2565,30.060617,-93.3641
2564,29.666,-92.25840556
2563,29.898294,-90.347578
2562,29.415264,-90.604753
2559,30.430492,-90.706664
2558,30.087178,-90.515294
2557,29.623136,-89.956606
2556,29.535489,-91.3911
2555,30.094444,-90.472222
2554,30.33547,-93.20066
2553,29.8502,-90.002981
2550,29.360438,-90.932644
2548,29.463243,-90.708734
2547,29.82483056,-93.35727222
2546,30.42852778,-90.49202778
2545,30.09591667,-90.60813889
2544,29.14471389,-89.13259444
2543,30.403925,-90.32400833
2542,29.03668333,-89.31829444
2541,29.40441667,-89.82166667
2540,29.59301389,-90.37196111
2539,29.69387778,-90.10149167
2538,30.02682222,-90.11703611
2537,29.64305556,-91.1075
2536,29.813418,-89.647048
2535,29.23907,-89.3629
2534,29.96104,-90.24258
2533,30.00986111,-91.13216667
2532,30.674072,-91.17632
2531,30.002364,-93.172175
2530,30.1842,-93.2737
2529,29.36611111,-90.12777778
2528,30.00986111,-91.13216667
2527,29.68862778,-90.09998333
2526,30.09523333,-90.78303611
2525,29.59411111,-90.04566667
2524,29.69479722,-91.30218333
2523,29.70277778,-90.10944444
2522,30.23240278,-92.112825
2521,30.05922222,-93.34931944
2519,28.16495111,-93.28030972
2518,30.22231667,-91.00593333
2517,30.37188889,-90.55875
2516,29.66877778,-89.26294444
2515,29.76976944,-93.35085833
2514,29.73754,-90.73335
2513,30.25255,-90.77705
2511,29.0466,-90.8054
2510,29.8129,-93.28328333
2509,29.81261111,-89.81753056
2508,30.25255556,-90.77876944
2507,29.36944444,-90.72083333
2506,29.32151111,-90.20126389
2505,30.059583,-93.687833
2504,29.69111667,-90.78994722
2503,30.110028,-92.303128
2502,30.564501,-90.943301
2501,30.005278,-91.1175
2500,30.06061667,-93.3641
2499,29.65778333,-90.75661389
2498,29.99322222,-93.33566111
2497,29.21079722,-90.03271111
2496,29.79694444,-91.67388889
2491,28.57202278,-88.01502417
2490,30.175843,-93.232346
2489,30.154319,-93.22354
2488,30.185086,-93.185239
2487,29.26466,-89.96054
2486,30.03486389,-90.44788611
2485,29.46194444,-89.55888889
2484,29.46111111,-89.55944444
2483,29.46194444,-89.55888889
2482,29.99571944,-93.3357
2481,29.46128333,-90.13951389
2480,30.51583,-91.20609
2479,29.94352778,-90.42761389
2478,30.017563,-91.185106
2477,30.323223,-90.968809
2476,29.92277778,-91.83777778
2475,29.91896389,-89.96828889
2474,29.71945278,-91.48414722
2473,30.23133889,-89.79795278
2472,30.1886,-91.0264
2471,29.64305556,-91.10611111
2470,29.40590556,-89.77900278
2469,30.05275,-90.5575
2467,29.70405556,-91.21652778
2466,29.89211667,-91.91213889
2465,29.42481389,-89.18941944
2464,29.41812778,-90.44862778
2463,29.654075,-91.131583
2462,30.26112,-93.32566
2461,29.57105833,-90.3816
2460,30.00576389,-92.774725
2459,29.98522222,-93.34238889
2458,29.21333333,-90.02944444
2457,29.69749722,-91.37226944
2456,29.56138889,-90.35805556
2455,29.98138889,-90.72083333
2454,29.39627222,-90.16781944
2453,29.50111111,-90.68277778
2452,29.75458333,-90.07931667
2451,30.41179,-91.262529
2450,29.825,-90.91344
2449,29.499294,-90.213072
2448,30.25255556,-90.77705556
2447,29.6668,-91.04181389
2446,29.28077778,-91.13961667
2445,30.02932222,-90.11987222
2444,30.15115,-90.13138333
2443,29.988,-91.46377778
2442,29.613375,-89.909564
2434,29.77666667,-92.31163333
2433,30.39806389,-90.57606667
2432,29.38589444,-89.90201389
2431,30.28297222,-90.73718889
2430,30.08599444,-90.53274722
2429,30.22866,-93.40444
2428,30.336,-91.27108333
2427,30.483806,-91.193383
2426,29.996096,-90.851874
2425,29.76214722,-91.39516389
2424,30.56836,-90.5045
2423,30.00527778,-91.1175
2422,29.95674722,-91.98266667
2421,29.29123333,-90.99650278
2420,29.89710278,-90.15653889
2418,29.70565833,-91.300425
2417,30.36459444,-90.07962222
2416,29.7559,-93.86523056
2415,29.71399444,-91.87757778
2414,29.70966389,-90.90224167
2413,30.32851111,-90.84962222
2412,29.73635833,-91.85563889
2411,29.193975,-91.10530833
2410,30.53167,-91.74592
2409,30.14295,-93.571558
2408,29.75762222,-93.3454
2407,29.32246944,-91.14205278
2406,29.55586667,-90.71911667
2405,29.21004444,-90.05357222
2404,29.26352778,-89.94977778
2403,29.52094167,-90.65803611
2402,29.21679278,-90.02581667
2401,30.03027778,-92.73944444
2400,29.57416667,-91.53833333
2399,29.590575,-90.83099722
2398,30.02525278,-90.12073889
2397,29.68958889,-92.22923611
2396,30.214175,-89.802535
2388,29.96261111,-89.91569444
2387,29.57543056,-90.74532222
2386,29.45611111,-91.09555556
2385,30.466843,-90.283803
2384,29.949022,-90.062394
2383,30.194303,-91.016059
2382,30.166435,-93.233914
2381,29.93250278,-90.29405556
2380,29.56708056,-90.73099167
2379,29.90826111,-91.21587778
2378,30.05666667,-93.30833333
2377,29.70305556,-91.36722222
2375,29.09331111,-90.86094444
2374,29.58603333,-91.11586667
2373,30.276486,-93.256294
2370,29.20689722,-90.03856667
2369,30.44701,-90.31805
2368,30.4625,-90.2038
2367,29.77723,-89.78079
2366,30.01509167,-91.12186389
2365,29.94352778,-90.42761389
2358,29.8755,-92.02205556
2357,29.68896111,-90.10153611
2356,29.68089722,-91.18620278
2355,29.74672778,-91.11138611
2354,29.59394167,-91.08551389
2353,30.196187,-93.299574
2352,30.279472,-93.436327
2351,29.785333,-91.527639
2350,29.16861111,-90.1525
2349,29.5104,-90.232767
2348,29.927222,-89.956111
2347,30.398081,-90.576593
2346,30.20033889,-93.36122222
2345,30.05345556,-90.52243056
2337,30.40723056,-90.431788890000007
2335,29.24145278,-90.2543222
2334,30.74907,-90.51119
2333,30.527207,-90.216536
2332,30.31215278,-90.93503889
2331,30.33104,-91.248769
2330,29.501053,-90.682798
2329,30.017563,-91.185106
2328,29.13941,-90.19056
2327,29.73937778,-91.68381667
2326,29.73756389,-91.69269444
2325,29.72445556,-91.69156389
2324,29.35694444,-90.25111111
2323,30.343311,-93.291116
2322,30.47553,-90.32793
2321,29.90786111,-91.215333330000007
2320,30.51196111,-90.42214444
2319,29.77714,-89.78084
2318,30.1711,-93.0775
2317,29.579444,-90.76309
2316,29.71963889,-91.48577778
2315,29.39838889,-90.70761944
2314,29.95373611,-91.98171389
2313,29.63451667,-89.94104722
2312,29.73356389,-90.53952778
2308,29.90075,-92.51369444
2307,29.13940833,-90.19056389
2306,30.27798333,-90.81411944
2305,29.86230556,-89.83094444
2304,28.956166670000002,-89.39744444
2303,30.32896,-91.273361
2302,30.41291,-90.940328
2301,30.43307,-90.40837
2300,29.56959,-89.79718
2299,29.70893,-89.9876
2298,30.50192,-90.31153
2297,29.447113,-90.23973
2296,29.60994722,-90.72908889
2295,29.28203333,-91.14034722
2294,29.20951389,-90.03368056
2293,29.98706111,-90.39949167
2292,29.977925,-90.86923611
2291,29.57203889,-90.38451944
2290,30.00136111,-93.50452778
2289,29.81498889,-91.54849722
2288,29.737075,-90.516475
2283,29.98880278,-90.40139722
2282,29.98553611,-93.34035278
2281,29.94498333,-91.02733056
2280,29.31452222,-89.73055278
2279,30.388983,-91.493317
2278,29.68455,-91.47061944
2277,30.4605,-90.135528
2276,30.054561,-90.650116
2275,30.06153333,-90.3835
2274,29.98991667,-90.40298611
2270,29.98972222,-93.26944444
2269,29.920556,-90.413333
2268,30.53167,-91.74592
2267,30.32009167,-92.04758056
2266,30.441496,-90.20169
2263,29.62327778,-90.06533333
2258,29.79896389,-92.13802222
2257,29.81388333,-91.55167778
2256,29.83544444,-93.68428611
2255,29.8559604,-90.661497
2254,29.414886,-90.778561
2253,30.276486,-93.256294
2252,30.1816746,-90.9241987
2251,30.06094444,-93.57417778
2250,29.61824167,-90.69161111
2249,28.99937222,-89.39316667
2248,29.99215278,-93.030025
2247,29.66803333,-91.13855833
2246,29.96261111,-89.91569444
2245,29.051325,-90.92658333
2244,29.47111111,-90.7675
2243,29.24145278,-90.25432222
2242,30.00925,-93.10008333
2241,30.31738,-93.35629
2240,30.33666944,-91.11446111
2239,30.41384444,-91.19860278
2238,30.904469,-91.735269
2237,29.90022278,-90.98953611
2233,29.90022278,-90.98953611
2232,30.28969722,-90.88898611
2231,29.39547778,-90.79743333
2230,30.331657,-90.899349
2229,30.03388889,-92.72653056
2228,29.82792222,-90.47533611
2227,30.17111111,-89.73444444
2226,30.08424444,-90.49
2225,29.82296389,-89.66174444
2224,29.69387778,-90.10149167
2223,30.21503889,-91.03244167
2222,29.6182,-90.69161
2221,29.4711,-90.7675
2220,30.20718,-90.86745
2219,29.131389,-90.193899
2217,31.4162,-92.4338
2216,29.54066667,-90.02386111
2214,29.83183333,-92.29958333
2213,30.27350556,-89.78825
2212,29.81050833,-93.33905556
2211,29.81050833,-93.33905556
2210,29.75897778,-89.45250278
2209,28.163276,-93.282172
2208,29.59011,-89.87385
2207,30.203527,-90.98728
2206,30.10176944,-90.85656389
2205,29.87322222,-91.98922222
2204,29.90537778,-90.88623889
2203,29.77930556,-92.18195833
2201,30.06129,-91.63918
2200,29.42277778,-90.44555556
2199,30.27350556,-89.78825
2197,30.24742778,-93.23116667
2196,29.37777778,-89.79111111
2195,29.62133333,-92.37286111
2194,29.5409,-92.30886944
2192,29.39281944,-90.29182222
2191,30.01561944,-91.10543889
2190,29.41408889,-91.00323889
2189,28.16026972,-93.35027083
2188,30.46704917,-90.79989306
2187,30.172815,-91.013597
2186,30.33333333,-90.06194444
2185,29.83888889,-89.95083333
2184,30.32906944,-90.84631389
2182,30.49461,-90.42575
2181,29.8155602,-92.0591331
2178,29.92055556,-90.41333333
2177,29.48341667,-90.23533056
2176,30.21795,-89.70337
2175,29.31452,-89.73055
2174,30.39135,-93.40835
2173,30.26627611,-93.18939917
2172,30.198539,-93.416828
2171,30.41806,-90.46083
2170,29.42752778,-90.29395
2169,29.34978889,-89.53873056
2168,29.613375,-89.90956389
2167,30.03011111,-92.73178611
2162,29.74768611,-93.67831389
2161,29.40751,-90.78887
2160,29.90279,-90.70918
2159,29.46,-90.41416667
2158,30.19516667,-89.75480556
2157,30.40729,-90.43116
2156,29.40917,-90.77943
2155,30.41405,-90.94444
2154,30.145,-91.595
2153,29.58965278,-90.95933056
2152,28.02618056,-90.50743417
2151,29.68833333,-90.805
2150,30.37666667,-90.16916667
2149,30.01916667,-90.32093889
2148,30.32805556,-90.83444444
2147,29.67575833,-91.22051111
2146,29.88386111,-91.18597222
2142,30.06249444,-90.38484444
2141,30.03858333,-92.74085556
2140,28.99686667,-89.34847778
2139,29.810834,-92.313052
2138,30.36825,-91.04681
2137,30.413800000000002,-90.078162
2136,30.3704,-91.13874
2135,29.104,-90.85253
2134,29.88330833,-91.20581389
2133,29.21023889,-90.03504444
2131,29.13138889,-90.19388889
2130,29.4075,-90.78888889
2129,29.76310556,-93.86645
2128,29.60455833,-90.66986111
2126,30.17694444,-93.27944444
2125,29.87145278,-91.99025556
2124,29.38560306,-89.52590278
2123,29.76647222,-90.90341389
2122,29.39027778,-90.27888889
2121,30.19666667,-90.97313889
2120,28.08113694,-93.33296
2119,30.09538889,-93.35945
2118,29.83027778,-92.38805556
2117,30.343337,-93.261293
2116,29.3559,-90.7735
2115,30.2299,-92.0646
2113,29.95920833,-90.131025
2112,29.74672778,-91.11138611
2111,29.71645556,-91.87806944
2110,29.66722222,-89.96388889
2108,29.76280556,-93.7481
2107,30.2325,-90.74833333
2106,29.77805556,-92.17083333
2105,29.87090278,-90.88881944
2104,30.21426389,-89.80190139
2103,29.75762222,-93.3454
2102,29.25752,-89.36108
2101,30.059583,-93.331769
2100,30.027,-90.61991667
2099,29.55923056,-90.71361111
2098,30.18637,-93.30649
2097,29.5894,-90.76254444
2096,29.92833333,-89.95944444
2095,29.85083333,-92.37388889
2094,29.96775,-92.16247222
2093,29.83498889,-90.05952222
2088,30.027,-90.61991667
2087,30.01753889,-90.53591944
2086,29.73753889,-90.73335
2085,29.12820556,-90.21665556
2084,29.390807,-90.252611
2083,30.119795,-93.35186
2082,30.07686389,-91.08151111
2081,30.32270278,-90.8406
2080,29.37911111,-89.78062222
2079,30.21484444,-89.80399722
2078,29.56600278,-90.36791944
2077,30.32833333,-90.84924167
2076,30.041242,-90.835744
2075,29.395083,-90.797983
2073,29.86268889,-91.49903333
2072,30.26416667,-90.79694444
2071,29.52397778,-89.48105833
2070,29.96261111,-89.91569444
2069,29.55916667,-89.58166667
2068,29.81555556,-92.05694444
2066,29.61398056,-90.492
2065,29.62361,-89.91583
2064,29.393614,-90.453425
2063,30.44869,-90.25848
2062,30.16194,-89.73908
2061,29.92572444,-90.62405944
2060,29.92556,-89.94889
2059,30.73083,-91.35916
2058,29.561341,-90.698734
2057,30.21638611,-89.80822222
2056,29.39508333,-90.79798333
2055,30.31084167,-90.83110833
2054,29.05717778,-90.807
2053,29.73169167,-91.68204444
2052,29.48702778,-90.97694444
2051,29.90088889,-90.35798611
2050,30.29018056,-91.10440278
2049,30.28033,-93.43771
2048,30.21283,-93.39891
2047,29.63042222,-90.75941667
2046,30.4297,-90.2069
2045,30.45127,-90.12227
2044,29.82206111,-93.33567222
2043,30.01381111,-90.52003056
2042,29.92572222,-90.62405833
2041,29.55965,-90.35552222
2040,29.58965278,-90.9654
2039,29.390825,-89.67086944
2034,30.02473889,-90.57985556
2033,29.55923056,-90.71361111
2032,30.07725,-93.28666
2031,29.345097,-90.630119
2030,29.15071667,-89.22576389
2029,30.05722222,-89.26777778
2028,27.94692028,-93.06061194
2027,29.79896389,-92.13802222
2026,29.762975,-93.88315
2025,29.54038889,-89.75299167
2024,29.19523889,-90.07403056
2023,30.05980556,-93.65733333
2022,30.40426667,-90.15666944
2021,29.66735,-91.06078333
2020,30.01298056,-90.51791111
2019,30.01528056,-90.52455
2018,29.590525,-90.37130833
2017,29.61916667,-91.08944444
2016,29.48472222,-89.99277778
2015,29.64012222,-90.68600278
2014,29.76155556,-91.7415
2010,29.56325556,-90.54553056
2009,29.50350556,-89.76740556
2008,29.76375278,-93.69635556
2007,30.25561,-90.780971
2006,29.98633,-93.23561
2004,29.77157222,-93.44497778
2003,30.028175,-92.72885833
2002,30.518626,-90.205805
2001,29.290569,-90.995972
2000,29.321614,-91.142017
1999,29.68111111,-91.22527778
1998,30.31322,-91.304701
1997,29.76375278,-93.69633333
1996,29.759275,-93.87603889
1994,29.131389,-90.193899
1993,30.31356,-93.25662
1992,30.5035,-90.4431
1991,30.617361,-91.2720278
1990,29.29056944,-90.99597222
1989,29.41285833,-90.70160194
1988,30.28722222,-90.37972222
1987,30.27255556,-90.81091667
1980,29.39375556,-89.7448
1979,29.391,-90.25147222
1978,30.18281,-90.9223
1976,29.39108,-90.80137
1975,30.150431,-93.335438
1974,30.487148,-90.909627
1973,30.341544,-91.118011
1972,29.94777778,-91.85166667
1971,29.40121667,-89.74400833
1970,29.83694444,-92.97138889
1969,29.28203389,-91.14034806
1968,29.32161389,-91.14201667
1967,29.72453056,-90.72408333
1966,29.21527778,-90.02916667
1965,29.33388889,-90.19694444
1964,29.55049222,-90.63338278
1963,29.77186389,-92.93264167
1962,29.83016667,-92.38786111
1961,30.15447,-89.737152
1960,30.24091,-93.41244
1959,30.259667,-90.702944
1958,29.59640833,-90.39276944
1957,29.378708,-90.622781
1956,29.89527778,-91.75647222
1955,29.7319,-90.1291
1954,29.18487778,-90.497175
1952,29.90344167,-91.18526111
1951,29.89099722,-90.27160556
1949,29.50669444,-89.76866944
1948,29.54674167,-90.16177778
1947,30.05978611,-93.65776667
1946,29.41268889,-90.90118611
1945,29.25789167,-89.353275
1944,29.7725,-91.16444444
1943,29.37222222,-89.55222222
1942,30.167323,-90.911422
1941,30.37472222,-90.53805556
1940,29.76222222,-92.07916667
1938,29.48416667,-89.99305556
1937,30.17419167,-91.00463333
1936,30.38315833,-91.08900556
1934,28.16109167,-93.28032389
1933,29.13138889,-90.19388889
1932,29.65136111,-91.25440833
1931,29.58428056,-90.35908611
1930,29.85913056,-89.971375
1929,27.9987425,-92.37047528
1927,29.25515833,-89.96922222
1926,30.25568333,-90.78102778
1925,30.25567222,-90.78096111
1924,29.23130833,-89.389925
1923,29.69888889,-90.30525
1922,30.02257778,-90.40320833
1921,29.56388889,-90.64722222
1920,30.24896944,-90.77346111
1919,30.26450556,-90.99495833
1918,30.00805556,-90.77194444
1917,29.77186,-92.93264
1916,29.82476389,-91.81334167
1915,29.43074722,-90.62877778
1914,29.20553889,-89.03719444
1913,29.74545278,-91.73344722
1908,29.66203889,-90.60241389
1907,29.55138889,-91.39
1906,29.72182778,-91.85897222
1905,30.05956111,-93.65705278
1904,30.05422778,-93.70272222
1903,29.85083333,-92.37388889
1902,29.56256944,-90.74639167
1901,29.67284722,-91.01126389
1900,29.70586111,-91.21747222
1899,30.21470278,-89.80408611
1898,29.22579,-90.0119
1897,28.93619,-89.33462
1896,29.61924167,-90.96685556
1895,29.97056389,-90.83031389
1894,30.16194444,-93.60305556
1893,29.19531389,-91.10465556
1892,29.69561111,-91.09778056
1891,29.20971944,-90.05381667
1888,30.37240278,-90.53532778
1887,29.99472,-91.44444
1886,30.27305556,-90.76555556
1885,30.33722222,-90.85638889
1884,29.99682,-90.835628
1883,29.39959444,-90.99423056
1882,29.76222222,-92.07916667
1881,29.46063056,-90.56253333
1877,29.225,-89.39602778
1876,29.55138889,-91.39
1875,30.21700833,-89.8163
1874,30.46782222,-90.91753889
1873,30.12869,-93.312970000000007
1872,29.98633,-93.23561
1871,29.67226111,-91.17721944
1870,29.69922222,-90.30613333
1869,30.03096389,-93.430125
1868,30.21791111,-89.70321389
1867,30.41212,-90.1403
1866,30.44123,-90.11602
1865,30.429825,-90.102778
1864,30.282922,-91.155369
1863,29.7721,-91.17125556
1862,29.78225,-90.52188611
1861,29.83120556,-89.96018056
1860,29.27472222,-89.25694444
1859,30.13837222,-89.75691667
1858,29.362925,-89.56681667
1857,29.27774444,-89.25246389
1856,30.16951333,-90.80441111
1855,29.89908333,-91.20705556
1854,29.65138889,-91.03166667
1853,30.55096,-90.52837
1852,30.21185,-93.37824444
1851,30.28423056,-93.40554444
1850,30.19535,-93.25707222
1849,29.92695,-89.959472
1848,29.0903,-90.45425
1847,30.09475,-90.46963889
1846,29.7721,-91.17125556
1843,29.96068889,-90.92144722
1842,29.66166667,-90.11472222
1841,29.77164722,-91.43451667
1840,29.95641389,-90.43648333
1839,29.38774444,-90.62434444
1838,30.33913,-93.193425
1837,29.07871667,-89.24624722
1836,29.41555556,-90.78888889
1835,29.56940278,-90.69545556
1834,29.63068889,-90.93011389
1833,30.3387,-90.88368
1832,30.321042,-91.020872
1831,30.323369,-91.018111
1830,30.004511,-90.464125
1829,29.40916667,-90.77944444
1828,29.85279167,-90.0628
1825,30.05043694,-90.74558889
1824,29.14572778,-90.222025
1823,30.187,-93.599
1822,29.931469,-90.142864
1821,29.77645278,-89.78143889
1820,30.76556,-90.49381
1819,30.00451111,-90.464125
1818,30.18694,-93.19055
1817,30.50602778,-90.94936111
1816,29.42027778,-90.78194444
1815,30.176989,-93.215819
1814,29.51044444,-90.588
1813,29.59813889,-90.72952778
1811,29.14303056,-90.89481944
1810,29.12674167,-90.87953611
1809,30.01088333,-91.13571944
1808,30.36936389,-91.02669722
1807,29.827511,-89.67236
1806,29.65537778,-92.35648333
1805,29.39045,-90.27771667
1804,29.951969,-90.229142
1803,29.98056,-90.40361
1802,29.623783,-92.382477
1801,29.18902222,-89.53005833
1800,29.19972778,-90.475
1799,29.21266,-90.4892
1798,29.81566389,-91.54818889
1797,29.47923889,-90.62274167
1796,29.77469444,-92.67347222
1795,29.77652222,-93.34765
1794,30.132679,-90.921403
1793,29.64329167,-90.23106944
1792,30.36388889,-90.09138889
1791,30.4444,-90.07833
1790,30.25533333,-90.78061111
1787,29.63416667,-90.1775
1786,30.371825,-90.53552778
1785,29.37730556,-90.62313889
1784,29.5586,-91.50403056
1783,29.55777778,-90.71111111
1782,30.60027778,-90.88361111
1781,29.33929722,-91.02629167
1780,29.850169,-89.682011
1779,29.485,-89.9925
1778,29.90919722,-91.21968611
1777,29.52471944,-89.71833333
1776,29.72253056,-91.29417778
1775,30.01746111,-90.53541944
1774,29.91666667,-90.88638889
1772,30.04027778,-90.23777778
1771,29.69683889,-91.09325833
1770,30.31832778,-90.944625
1769,28.42933583,-91.95735556
1768,30.39254167,-91.05853056
1767,30.21503889,-91.03244167
1766,29.30144,-89.936
1764,30.30225556,-90.82575
1763,30.531608,-90.434811
1762,30.997817,-91.79159
1761,29.387,-90.62214722
1760,29.82111111,-92.13805556
1759,29.46360556,-90.75074722
1758,30.37833333,-90.16305556
1757,29.88888889,-91.31805556
1756,29.94456111,-90.34502778
1755,29.84846389,-91.62271944
1752,29.72027778,-91.86393056
1751,29.74687222,-92.32943333
1750,30.02697778,-89.42578333
1749,29.25018,-89.34542
1748,30.03952778,-93.732625
1747,29.8781,-90.88581944
1746,29.91828056,-90.066725
1745,30.413733,-90.124557
1744,30.4567,-93.44184
1743,29.651389000000002,-91.031667
1742,30.956102,-91.648468
1741,30.40034833,-91.0966675
1740,30.13889,-90.94292
1739,29.86972222,-90.59527778
1738,29.94155278,-91.81216667
1737,29.3,-89.935
1736,30.37472222,-90.5375
1735,30.09538889,-93.35945
1734,30.06168333,-93.35394444
1730,30.280475,-90.73554722
1729,30.12138889,-89.76305556
1728,29.69321667,-91.2722
1727,29.627868,-89.931298
1726,29.9995,-90.83461111
1725,30.259722,-90.696944
1724,30.541507,-91.024026
1723,30.00934444,-90.74623611
1722,29.46888333,-90.31324444
1721,29.77583333,-93.33805556
1720,29.810834,-92.313052
1719,30.13972222,-90.774025
1718,30.08717778,-90.51529444
1717,29.80796944,-90.85947778
1716,30.10638889,-90.42388889
1715,29.20861111,-90.05472222
1714,29.82866944,-89.67444444
1713,29.30934167,-89.53321111
1712,30.21503889,-91.03244167
1711,29.65111111,-91.12305556
1710,30.3666147,-90.2819096
1709,30.236389,-90.753889
1708,30.23972222,-91.12520833
1707,29.556667,-90.690889
1706,29.33111111,-89.76111111
1705,29.65779722,-91.24775278
1704,29.39784722,-90.79611667
1703,30.00293611,-90.674775
1702,29.35361111,-89.53555556
1697,30.03138889,-90.84
1696,30.05537222,-91.36381667
1695,30.05950833,-93.59400833
1694,29.93012222,-90.40748611
1693,30.259167,-90.686389
1691,29.81921667,-93.03551111
1690,29.24583333,-89.345
1689,29.99472222,-91.44444444
1688,29.42308333,-91.04591667
1687,29.35885,-90.25187222
1686,29.57781111,-90.60658889
1685,29.85327778,-91.98036111
1684,29.71835,-91.19130556
1683,29.24722222,-90.20694444
1682,30.27661111,-90.90824444
1681,29.8952,-92.1197
1680,32.622691,-93.668225
1679,29.995417,-90.793294
1678,29.91084,-90.087184
1677,29.68699,-89.97098
1676,29.54562222,-91.45595
1675,29.7721,-91.17125556
1674,29.24722222,-90.20694444
1673,30.01116389,-93.21880556
1672,29.93480556,-90.71394722
1671,29.54080833,-90.39847778
1670,29.25308056,-91.06369722
1669,29.56111111,-89.79388889
1668,29.04164722,-89.26802222
1667,29.79439722,-93.59072222
1666,29.9844,-93.3408
1665,30.041,-89.044
1664,29.70756667,-90.10628056
1663,30.05958333,-93.68783333
1662,30.1411917,-90.8570389
1661,29.826419,-92.871411
1660,29.315541670000002,-90.70773889
1659,28.936125,-89.32711667
1658,30.30385,-89.78096
1657,30.295277,-91.061111
1656,29.22591,-90.01203
1655,30.46905,-90.06479
1654,29.20691667,-88.94280556
1653,29.62138889,-90.68916667
1652,29.624625,-89.93811667
1645,29.76171111,-90.63934722
1644,29.52555556,-89.75277778
1643,29.26761111,-90.21975
1642,30.1568,-93.3297
1641,29.69115,-91.09875278
1640,30.08638889,-90.55138889
1639,29.99240833,-90.83392222
1638,29.93235278,-93.07646667
1637,29.87748056,-93.10374167
1635,30.43249,-90.19993
1634,30.42276667,-90.11021667
1633,30.05169444,-90.64286111
1632,29.61824167,-91.15884444
1631,30.09285833,-90.71117222
1627,29.55525556,-90.70666944
1626,30.15988611,-90.73055556
1625,30.01505556,-91.14067778
1624,29.79975,-91.31616667
1623,29.77681111,-93.00851389
1622,28.53606917,-92.32664722
1621,29.612015,-90.491
1620,29.2242,-90.0452
1619,30.42833306,-91.01500222
1618,30.537814,-91.912553
1617,30.311651,-93.179035
1616,29.54644722,-91.45942778
1615,30.0006,-93.06143333
1614,30.2777,-90.80139722
1613,30.28741111,-90.39361667
1611,29.45197222,-89.70586944
1610,29.331944,-90.716111
1609,29.10792,-89.304722
1608,30.365,-91.1367
1607,29.79883,-91.31992
1606,30.06666667,-90.87638889
1605,29.735736,-91.800214
1604,29.56738056,-90.10021944
1603,30.210225,-89.79411944
1602,29.09436111,-89.30686111
1601,29.57105833,-90.3816
1600,30.24687222,-93.23350556
1599,29.95866667,-91.30347222
1596,30.32944444,-90.84638889
1595,29.40894444,-90.78694444
1594,29.60583333,-90.34
1593,30.36636111,-90.10175278
1592,30.23335611,-89.85493889
1591,30.4338,-90.0346
1590,30.33551,-93.20353
1589,30.03028,-92.73944
1588,29.716186,-91.188425
1587,29.81424,-91.54609
1586,30.34894167,-90.06151389
1585,29.728775,-89.92285
1584,29.79924167,-89.78655278
1583,30.2903,-89.74235278
1582,29.71618611,-91.188425
1580,30.08073056,-89.73179167
1579,30.4122,-90.14029444
1578,29.91224722,-91.98543056
1577,29.47693056,-90.12059167
1576,29.64869444,-92.37241667
1575,30.226798,-90.738661
1574,29.386778,-90.323111
1573,30.5766,-90.89389
1572,30.06722,-90.88837
1571,30.18622222,-91.01363889
1570,29.597222,-92.293055
1569,29.21166667,-90.04333333
1568,28.42119444,-90.60648889
1567,30.42006,-90.114708
1566,30.28174167,-90.94913889
1565,29.83361,-90.80222
1556,29.669675,-90.10701944
1555,29.83694444,-92.97138889
1554,29.56977222,-90.27453611
1553,29.83928056,-92.85481389
1552,30.05473889,-90.58031389
1551,29.98553611,-93.34035278
1550,29.87863889,-89.76461111
1549,30.028175,-92.72885833
1548,29.94875,-91.29780556
1547,29.973611,-90.399444
1546,29.98393889,-93.34108611
1545,29.70944444,-90.11055556
1544,29.73205278,-89.91918889
1542,29.865,-90.45583
1541,29.6310333,-89.2049333
1540,29.63103333,-90.79506667
1539,29.50445556,-90.75245833
1538,30.57255278,-90.95123611
1534,29.302525,-91.03975278
1533,29.25821111,-89.972975
1531,29.464889,-90.589194
1530,30.57255278,-90.95123611
1529,27.94662194,-93.20177417
1528,30.51194,-91.41889
1527,30.355867,-93.214028
1526,29.63103333,-90.79506667
1525,29.95866667,-91.30347222
1524,29.2625,-89.35333333
1523,29.22443056,-90.04379167
1522,29.85019444,-89.68211111
1516,30.28694444,-90.37972222
1515,30.03027778,-92.73944444
1514,29.79144444,-93.44113889
1513,30.29209444,-89.82538056
1512,29.347639,-89.867111
1511,29.290528,-90.648422
1510,30.24526111,-90.94703611
1509,29.98443889,-93.34066667
1508,29.9988,-90.2772
1507,29.98553611,-93.34035278
1506,29.60824167,-90.35815556
1505,29.57277778,-90.71138889
1504,29.43366667,-90.75561111
1503,29.47290556,-90.26096667
1502,29.53261111,-89.88619444
1501,29.64638889,-89.88416667
1500,29.68111111,-91.22527778
1499,29.82368333,-91.82045833
1498,29.64094444,-91.11592222
1497,29.50591111,-90.66903333
1496,29.82616944,-91.81746389
1495,30.105639,-93.298333
1494,29.34731389,-89.867075
1492,29.99948056,-90.39212222
1491,30.507597,-90.9791805
1490,29.72983,-90.12575
1489,30.44585556,-90.05197278
1488,29.66722222,-89.96388889
1487,29.73699167,-89.91327222
1486,29.45413889,-89.38747222
1485,29.83997222,-92.03058333
1483,29.50293333,-90.59202778
1482,29.75433333,-93.74241667
1481,29.22247222,-91.17894444
1480,30.29093333,-90.91768917
1479,30.46936944,-90.91608056
1478,30.39102778,-91.00398611
1477,30.259197,-90.6848
1476,30.259897,-90.706997
1475,30.367555,-91.140737
1474,29.82638889,-91.53611111
1473,29.82638889,-91.53611111
1472,29.82638889,-91.53611111
1471,29.54844444,-89.69005556
1470,30.01375,-91.1475
1469,29.79883333,-91.31991667
1468,29.68292222,-90.18263889
1467,29.83888889,-89.95083333
1466,29.71565278,-90.8776
1465,29.72426389,-90.86213611
1464,30.652218,-90.49681
1463,29.44675,-89.61207778
1462,29.45015278,-89.70092778
1461,29.75244972,-92.20646944
1460,30.42083333,-90.48
1459,29.87145278,-91.99025556
1458,30.40722222,-90.43166667
1455,29.953775,-90.485575
1454,29.51323056,-89.76404444
1453,30.0386,-93.330325
1452,30.10893611,-90.42407778
1451,30.315714,-93.204033
1450,30.12769444,-90.92627778
1449,29.826758,-90.769511
1448,29.931469,-90.142864
1447,29.46590278,-90.53865833
1446,30.05644722,-93.62693056
1445,29.78611111,-93.06944444
1444,29.86359722,-90.41017222
1442,29.82688333,-90.76847222
1441,29.76803889,-93.64546667
1440,30.09346944,-93.32924444
1439,29.68699,-89.97098
1438,30.02806,-90.61194
1437,30.4645,-90.09387
1436,29.90508,-90.111
1435,30.004931,-90.091244
1434,30.34111111,-91.08638889
1433,29.863425,-91.182389
1432,30.691293,-90.54686
1431,29.83916667,-93.32777778
1430,30.05058333,-90.47686667
1429,30.460461,-90.9508805
1428,30.509793,-90.156512
1427,30.05891944,-90.97511111
1426,30.12023611,-90.88924444
1425,29.952416,-90.6917167
1424,29.971,-90.2448
1423,29.97935556,-90.32798889
1422,30.00020833,-90.39297222
1421,29.72983333,-90.12575
1420,30.34952778,-90.27263889
1419,29.24335,-89.98578
1418,30.06530556,-90.85969444
1417,30.419136,-91.196977
1416,29.2422,-93.1951
1415,29.358333,-90.729167
1414,28.60341806,-91.88713583
1413,30.058302780000002,-90.54521111
1412,29.67888889,-89.96638889
1411,31.008222,-91.629444
1410,30.1225,-93.2825
1409,31.28141111,-92.64480278
1408,29.291933,-90.648567
1407,29.13697222,-93.53394444
1406,30.134067,-92.008214
1405,30.2107,-93.2409
1404,30.03333056,-90.06441111
1403,30.41778333,-90.380775
1402,30.06691111,-93.28660556
1401,30.46917,-90.19306
1400,30.0066,-90.28027
1399,29.73205278,-89.91918333
1398,29.6578,-90.0097
1397,30.80275,-92.04766
1396,30.12023611,-90.88924444
1395,31.01973333,-91.13277778
1394,29.83872222,-89.68794444
1393,29.77594167,-93.34781944
1386,29.26352222,-89.95980556
1385,29.39988056,-90.34780278
1384,30.216475,-91.07027778
1383,30.00353333,-90.02711944
1382,29.65788333,-90.00975278
1381,30.02968056,-90.11915278
1380,29.34416667,-90.72833333
1379,29.87527778,-91.93833333
1378,30.04023611,-91.04970556
1377,29.82206111,-93.33567222
1376,30.0674,-93.3475
1375,29.95224167,-90.69171667
1373,30.10563889,-93.29833333
1372,29.73863611,-90.66131944
1371,29.687778,-91.25
1370,30.11022222,-90.42425
1369,29.75386944,-91.72880278
1368,29.23806111,-90.44982778
1367,29.97280278,-90.29622778
1366,30.485201,-90.205927
1365,30.279175,-91.252822
1364,30.279253,-91.252472
1363,29.74864444,-91.23975278
1362,29.75627778,-90.12922222
1361,29.98375,-93.34103889
1360,30.23666667,-90.755
1359,29.622575,-90.49955833
1358,29.8069,-93.33055833
1357,30.29804,-93.30662
1356,29.83047222,-93.45275
1355,30.51145833,-90.87766389
1354,30.30762,-89.89145
1353,29.92302,-90.14392
1352,30.4993,-90.14702
1348,30.19153333,-89.761575
1347,29.05441944,-89.30778333
1346,29.67333333,-91.09972222
1345,30.172708,-90.787775
1344,29.9925,-90.44333333
1343,30.282,-89.839675
1342,30.44357,-90.11831
1341,29.35133333,-90.62666667
1340,30.25951556,-90.82944083
1339,30.24091,-93.41244
1338,30.1555686,-93.260899
1337,29.899,-90.33116667
1336,30.00660278,-90.28027222
1335,29.64955278,-92.41073056
1334,29.37975556,-90.62267222
1333,29.836675,-91.13469444
1332,30.121,-93.289
1331,29.74457222,-90.61448889
1324,30.29176389,-89.70092778
1323,29.59722222,-92.29305556
1322,28.66090722,-89.15755028
1321,30.31813056,-90.83457778
1320,30.435405,-91.191079
1319,30.507538,-91.472002
1318,31.074301,-91.883107999999993
1312,30.24706944,-89.80056667
1311,29.68916667,-91.37861111
1310,29.88999444,-90.38833056
1309,30.574058,-91.193675
1308,29.37325,-90.71852778
1307,29.47764,-91.27153
1306,30.24091,-93.41244
1305,30.11975,-93.28256111
1304,30.422391,-91.195913
1303,29.89099722,-90.27160556
1302,29.64350833,-90.54879722
1301,29.70685,-89.98658
1300,32.54283056,-92.513325
1299,29.50611111,-90.32972222
1298,29.725,-91.08333333
1297,30.27333889,-89.78831667
1296,29.87444444,-91.14972222
1295,29.91080556,-91.81413889
1294,29.71243333,-92.44007222
1293,29.31049167,-89.34918889
1292,29.71243333,-92.44007222
1291,30.25066,-92.37421
1290,30.18666667,-91.01388889
1289,29.56757222,-91.02618056
1288,29.32,-89.51288889
1287,30.085994,-90.532747
1286,29.26305556,-90.65305556
1283,30.03805556,-93.73366667
1282,29.35133333,-90.62666667
1281,29.80940278,-89.82215
1280,29.68027778,-91.19888889
1279,29.89333333,-91.68222222
1278,29.17375278,-90.13834444
1277,29.77722222,-93.40388889
1276,30.47833,-90.932453
1275,29.278175,-90.227575
1274,30.225344,-93.339307
1273,29.86166667,-91.19833333
1272,29.64757778,-90.70925556
1271,30.25511389,-90.78416111
1270,30.255325,-90.7845
1269,29.21944444,-91.02333333
1268,29.2375,-90.19777778
1267,29.94466389,-91.942225
1266,29.72138889,-91.86027778
1265,29.6855,-91.1502
1264,31.01973333,-91.13277778
1263,30.15204722,-93.567858330000007
1262,29.889994,-90.388331
1261,29.31049,-89.34919
1260,30.50797,-90.20092
1259,30.266075,-93.26375
1258,30.063139,-90.849238
1257,29.60168056,-90.36053611
1256,29.83472222,-90.47583333
1255,29.83472222,-90.47583333
1254,30.28184167,-90.73542083
1253,28.17025861,-93.29102583
1252,28.42446167,-92.66220389
1251,29.7375,-93.09805556
1246,29.60824167,-90.35815556
1245,29.90855556,-91.18438889
1244,29.83061389,-91.14659167
1243,30.24527778,-89.795
1242,30.645597,-91.296347
1241,30.242645,-93.327533
1240,30.2214,-93.3179
1239,29.890475,-90.35728333
1238,29.46488889,-90.58919444
1237,30.28283333,-90.73605556
1236,29.47825833,-90.74919444
1234,30.05527778,-93.28638889
1233,29.86496389,-90.45523333
1232,29.61675,-90.71035833
1231,29.44197222,-89.98325
1230,29.20071611,-90.65455056
1229,30.12023611,-90.88924444
1228,29.23441667,-90.38813889
1227,30.037248,-90.613245
1226,30.18166667,-89.72194444
1225,30.503087,-90.814054
1224,29.58743056,-90.897975
1223,30.047222,-90.511278
1222,30.46892778,-90.91803889
1221,30.19689,-90.948533
1220,29.25308056,-91.06369722
1219,28.96427778,-89.402425
1218,29.59141944,-90.91670278
1217,29.66430556,-90.10897222
1216,29.54944444,-90.59027778
1215,29.82583333,-90.06722222
1214,30.34416667,-90.27527778
1213,30.201727,-93.246149
1212,29.76928056,-90.08165278
1205,30.27825,-90.7848
1204,29.67138889,-91.17722222
1203,29.91676111,-91.23477778
1202,30.3338888,-91.2219444
1201,29.902489,-90.352642
1200,30.21970833,-89.82221111
1199,27.94715,-90.99644
1198,29.99090833,-91.33623056
1197,28.95418556,-89.63348389
1196,28.81975306,-89.79209417
1195,29.99909722,-90.05128889
1192,30.05083333,-93.45833333
1191,30.439634,-90.115171
1190,30.464978,-90.100038
1189,29.925278,-89.945833
1188,30.05142,-90.55281
1187,30.2107,-93.2409
1185,29.83853889,-92.30700278
1184,29.90145833,-93.23023889
1183,29.377306,-90.623139
1177,30.21938889,-89.75822222
1176,28.56245,-89.852644
1175,29.57827778,-90.04286111
1174,30.184137,-89.756599
1173,30.40210833,-91.21608056
1172,28.16041056,-89.94884111
1171,30.4695,-90.9187
1170,30.45833,-90.09787
1169,29.53333333,-89.27194444
1168,30.25565,-90.82944167
1167,29.89592222,-91.20751389
1166,29.70752778,-90.57185
1165,30.654693,-91.408778
1164,30.475663,-90.407633
1163,29.30527778,-90.69861111
1162,29.84917222,-93.38361111
1161,29.63252778,-92.26986111
1160,30.20991944,-89.77313889
1158,29.48446389,-90.86994444
1156,29.51287778,-89.76438333
1155,29.64320278,-91.10017222
1154,29.57861111,-89.10833333
1153,29.57619444,-89.11536111
1152,29.92527778,-89.94583333
1151,30.2157,-89.80633056
1150,29.78338056,-91.16544444
1149,29.9367,-90.1431
1148,29.7567,-89.417
1147,30.4348,-90.0904
1146,29.971722,-89.990767
1145,30.30028,-89.78017
1144,30.01578611,-90.72983889
1143,29.98056,-90.40361
1142,29.73863611,-90.66131944
1141,30.311151,-90.932067
1140,29.95595,-91.85083889
1139,29.95118611,-90.90781111
1138,29.41374444,-91.76079722
1137,29.82972222,-93.46027778
1136,29.901458,-93.230238
1133,29.94027778,-90.48138889
1132,30.02138889,-89.41666667
1131,29.8078,-89.8071
1130,30.228,-93.0896
1129,30.1729,-93.0636
1128,29.90248889,-90.35264167
1127,29.89138889,-90.27222222
1126,29.513,-90.95016389
1125,29.85883889,-90.77458611
1124,29.79149444,-89.39102778
1123,30.33730556,-90.85526111
1122,29.57835555,-90.50289167
1120,29.728775,-89.92285
1119,29.79924167,-89.78655278
1118,30.2903,-89.74235278
1117,29.40738889,-89.79619444
1116,29.65386389,-91.25547222
1115,29.94231,-90.22695
1114,29.5625,-90.18055556
1113,29.66722222,-89.96388889
1112,30.24091,-93.41244
1111,29.25119167,-90.68660278
1104,29.35064722,-89.53951111
1103,30.23161111,-90.66747222
1102,30.5139,-91.2083
1101,30.50111,-91.25949
1100,29.787236,-90.030975
1099,30.29914,-93.22088
1098,30.17666667,-91.00694444
1097,29.57694444,-90.89916667
1095,30.21938889,-89.75822778
1094,29.43333333,-90.37083333
1091,30.581608,-91.216816
1090,29.941111,-93.027222
1089,30.164528,-93.291781
1088,29.4379948,-91.416632
1087,29.76175,-92.26083333
1086,29.57030556,-89.51188889
1085,29.90611111,-91.45166667
1084,30.228525,-89.85213306
1083,30.445933,-90.10666
1082,30.7182583,-90.83595528
1081,29.72402778,-91.18274167
1080,30.05303889,-93.7133
1072,30.514441,-90.433692
1071,29.47798333,-90.50189444
1070,30.42403056,-90.3342
1069,29.26410833,-90.65239444
1068,29.64305556,-91.1075
1067,30.203449,-90.987461
1066,30.386487,-91.292051
1064,30.08599444,-90.53274722
1063,30.25485,-90.77971667
1062,29.87444,-91.14972
1061,29.709161,-92.865658
1060,29.957369,-91.982806
1059,29.705089,-91.172642
1058,29.43333,-90.370833
1057,30.190477,-93.311494
1056,29.899,-90.33116667
1054,30.313194,-93.660389
1053,29.99805556,-90.38611111
1052,29.87444444,-91.14972222
1051,30.10696944,-90.42271667
1050,30.23266944,-91.134725
1049,30.010247,-91.819767
1048,29.56064167,-90.79386389
1047,29.43007778,-89.52749722
1046,29.31381667,-89.29101667
1045,29.76285833,-93.82329167
1044,29.73311111,-90.84731944
1043,30.001014,-90.38924
1042,29.2186,-90.0196
1041,30.19180583,-90.97598694
1040,30.010902,-92.468734
1039,29.376814,-90.622944
1038,29.785922,-92.177486
1037,30.07538056,-90.62982222
1036,29.610344,-90.705639
1028,29.61822222,-92.2735
1027,30.52552778,-90.48074444
1026,29.38,-90.621944
1025,29.888889,-91.871111
1024,29.997269,-93.196967
1023,29.96956667,-89.98464167
1022,29.11430556,-89.16597222
1019,29.89083333,-91.91166667
1018,30.01291111,-91.1387
1017,29.7625,-90.55055556
1016,30.1068,-93.21341389
1015,29.75693056,-90.10159444
1014,29.94793333,-90.44955
1013,29.99638889,-91.18861111
1010,30.1411917,-90.8570389
1008,30.01850556,-93.23066667
1007,29.35016944,-89.59566111
1006,29.60738889,-91.24373889
1005,29.57835556,-90.636225
1003,29.63416667,-91.25332222
1002,29.80916667,-92.06394444
999,29.34763889,-89.86711111
998,29.90543056,-90.70563889
995,29.37697194,-89.59172
994,30.254188890000002,-93.32726389
991,29.26221944,-89.47066389
990,29.70966389,-90.90224167
989,29.88270278,-90.43261944
988,29.25397222,-90.37341667
986,29.28786111,-90.23072222
985,29.87722222,-89.99222222
983,29.78438889,-92.15069444
982,29.04380556,-90.67563889
981,29.82557778,-92.87434444
980,29.04127778,-90.67233333
979,29.53918056,-91.25030278
978,29.03622222,-90.67041667
977,29.57835555,-90.50289167
976,29.38607,-89.592444
975,29.72143056,-91.86016667
974,30.36715833,-90.11517778
973,29.19166667,-88.94972222
972,29.26555556,-90.20777778
971,29.24333333,-90.18222222
970,29.38,-89.77694444
969,29.73543889,-89.99141667
966,29.38164722,-90.2154
965,29.550525,-91.25568889
964,29.50158889,-91.18301389
963,29.58918611,-90.81690556
962,29.67728889,-91.46206389
961,30.509793,-90.156512
960,32.1704,-93.1265
959,30.30604,-89.7827
958,29.93638889,-90.32638889
957,30.202696,-90.99072
956,28.98283889,-89.36161389
955,29.62205556,-91.25494444
954,29.83656389,-91.13617778
953,29.57444444,-89.45305556
952,29.77194444,-93.75282222
951,30.560473000000002,-89.981958
950,29.07537778,-89.16047222
949,30.14797222,-89.74783333
948,29.246,-90.38705556
946,29.96224444,-90.75491944
945,29.24758333,-90.21063889
944,29.62291389,-90.576
943,30.012625,-91.18656944
941,30.32289,-93.23275
940,29.13941,-90.19056
939,28.42515,-91.96041028
938,28.62020306,-90.13917583
937,30.227549,-89.806552
936,29.47472222,-89.55138889
935,30.21723056,-89.81927222
934,29.90034444,-91.63133611
933,29.66715833,-91.01206389
932,29.67611111,-91.45833333
931,29.80988056,-91.82253611
930,29.88888889,-91.87111111
929,29.54444444,-91.08055556
928,29.34427222,-89.56107778
927,30.02682222,-90.11703611
926,30.36953333,-90.53565556
925,29.81055556,-89.63888889
924,29.21786667,-90.67680278
923,30.03088889,-90.96330556
922,30.21723056,-89.81927222
921,29.886847,-89.984719
920,30.383861,-90.863583
919,30.42237222,-90.48261667
918,29.89002778,-90.35108333
917,29.11816944,-90.497525
916,29.21858333,-90.01963889
915,29.34527778,-90.21333333
914,29.15402778,-90.21167778
913,30.00055556,-93.4125
912,29.91222,-90.96527
911,29.93833,-90.97555
910,29.94638,-91.07027
909,30.267355,-89.839043
908,29.73762,-89.99677
907,30.312966,-90.882264
906,30.50420278,-91.25283889
904,29.415828,-90.446794
903,29.46416667,-89.55777778
902,29.113775,-90.17986389
901,29.92520833,-89.94593611
900,29.58605556,-89.80319444
899,29.52473889,-91.40034444
895,29.22444444,-90.02111111
894,30.18181944,-89.74480556
893,29.78958611,-93.75058611
892,29.23906667,-89.36290278
890,30.38778,-89.97861
889,30.13889,-90.94292
888,29.76472222,-91.75861111
887,29.86277778,-91.19972222
886,29.68218611,-91.19786667
885,28.91745556,-89.40274444
884,29.89920278,-91.20850278
883,29.46111111,-89.55944444
882,30.31975,-91.30013889
881,30.18446389,-91.15078611
880,30.01528,-90.47556
879,29.653657,-89.960263
878,29.35833333,-90.72916667
877,29.98054167,-91.52341389
876,29.94638889,-91.07027778
875,29.91222222,-90.96527778
874,29.97816667,-93.57183333
873,29.93833333,-90.97555556
872,29.0466,-90.8054
868,29.78338889,-91.17235833
867,29.628617,-89.910233
866,29.249025,-90.20749722
865,29.63601389,-90.51136389
864,29.83658333,-91.13377778
863,29.72278889,-91.23540556
857,29.57866667,-89.11705556
856,29.42944444,-89.20277778
855,30.25333333,-91.77777778
854,30.265111,-91.990942
853,30.31278333,-90.40513056
852,29.250875,-90.211011
851,29.95417778,-91.19995833
850,29.89678611,-92.63421944
849,30.07401944,-90.4529
848,29.5728,-90.38413333
847,29.63601389,-90.51136389
846,29.69559722,-91.21062778
845,30.18434722,-89.75695278
844,29.54333333,-90.3975
843,30.02638889,-91.12111111
842,29.848964,-90.097758
841,29.57827778,-90.04286111
838,29.0466,-90.8054
837,29.59411111,-90.04566667
836,30.21041667,-93.25769444
835,30.216656,-90.909512
834,30.00995,-90.76993
833,30.503299,-90.788779
832,30.497,-90.64023
831,30.236428,-93.319966
830,30.06218611,-93.29126111
829,30.21611111,-89.80791667
828,29.07914167,-90.29815278
827,30.31248056,-90.404675
826,29.74718611,-90.94591389
825,29.84758056,-90.75800833
824,29.37602,-89.59139
823,29.37649,-89.59194
822,30.4464,-90.99966
821,30.4839005,-90.9274586
820,29.65971,-91.11951
819,30.01527778,-90.47555556
818,29.53077778,-89.48661111
817,29.52552778,-91.48941667
816,30.01939722,-93.16776944
815,29.777725,-92.80215833
814,29.935,-91.01555556
813,29.87835556,-90.81541944
812,29.62284,-88.70826694
811,29.51105,-91.47414167
810,29.71077778,-90.34369444
809,29.64194444,-91.32944444
808,29.68777778,-91.37388889
807,29.0466,-90.8054
806,29.915,-90.07472
805,30.46803333,-90.23713889
804,30.413056,-90.111944
803,29.92521,-89.94594
802,30.24706944,-89.80056667
801,29.76472222,-91.75861111
796,29.78991667,-91.32283333
795,29.72247222,-91.23552778
794,30.213963,-93.338392
793,30.02925,-90.691337
792,29.64925,-90.571392
791,29.82311111,-93.33655
790,29.78980556,-91.32194444
789,30.061575,-93.56138056
788,29.99979722,-90.11691667
787,29.94111111,-93.02722222
786,29.89727778,-90.33016667
785,29.76124167,-93.64638889
784,29.11833333,-90.5025
783,29.10025,-89.31338889
782,30.42345,-90.09883889
781,30.237639,-90.981761
780,30.419086,-91.204903
779,30.04713889,-90.55280556
778,30.198117,-90.971326
777,30.36663,-91.014787
776,30.28640556,-90.94817778
775,31.287,-92.501
774,30.128525,-90.774025
773,29.79472222,-90.38694444
772,29.8093,-93.33795833
771,29.150906,-89.219644
770,29.78472222,-92.15361111
769,29.62349444,-92.393525
768,30.03256944,-92.83703888
766,29.2475,-90.20861111
765,29.85423,-90.856
764,30.35333,-91.1994
763,30.9076,-91.7481
762,30.481645,-90.455894
761,30.09204722,-93.41326667
760,29.65361111,-91.12305556
759,29.67292,-89.96353
757,29.859131,-89.971375
756,29.434358,-89.61585
755,29.13933611,-90.19694444
754,29.56195,-92.23879167
745,30.01891667,-90.49280556
744,29.47589167,-91.06876667
743,29.78958889,-93.75058889
742,29.613375,-89.90956389
741,29.21679278,-90.02581667
740,29.79553889,-90.01386944
739,29.85972222,-90.98055556
738,29.06777778,-89.34944444
737,29.86374722,-89.92768056
736,30.24401111,-90.977975
735,30.5438891,-91.136389
734,30.56082778,-91.70501667
733,29.71069444,-90.343
732,29.41812778,-90.44862778
731,29.67971111,-91.21553889
730,29.23327778,-89.34325
729,29.9303,-90.238289
728,29.62314444,-90.75052222
727,29.40358333,-90.78908333
722,29.38391667,-90.01733333
721,29.70913889,-91.03297222
720,29.39281944,-90.02515556
719,30.27030278,-89.07346111
718,29.66167,-92.22578
717,30.22601889,-90.68711389
716,30.20574167,-91.02923056
715,30.33223889,-90.90311944
714,30.00564444,-93.03002222
709,29.40858333,-90.78709167
708,29.08791667,-90.643
707,30.15115,-90.13138333
706,30.05169444,-90.64286111
705,29.76036111,-89.78825278
704,30.32611,-92.04889
702,30.06211389,-91.03036667
701,29.55666667,-90.69088889
700,29.81050833,-93.33905556
699,29.91708611,-90.31157778
698,29.90022278,-90.98953611
697,29.93472222,-89.83694444
696,29.98,-89.99861111
695,30.03991944,-90.46202778
694,31.330343,-92.527938
693,30.261111,-89.802778
692,29.869722,-90.001667
691,30.304725,-89.890567
690,30.436667,-90.125833
684,29.44388889,-89.20305556
683,29.70055556,-92.20788889
682,29.86333333,-90.41305556
681,29.64925,-90.57139167
680,29.13138889,-90.19388889
679,29.169166,-90.150277
678,29.82792222,-90.47533611
677,29.63369444,-90.17400278
676,29.37861111,-89.7875
675,30.05303889,-93.7133
670,29.28970833,-90.23123333
669,29.99380833,-90.38502222
668,30.26706389,-89.83414722
667,29.10352778,-89.29497222
666,30.42479167,-90.07679167
665,30.223823,-91.130952
664,29.859131,-89.971375
663,30.471671,-90.391037
661,30.60841389,-90.543398
660,29.41582778,-90.44679444
659,30.25457222,-90.77933611
658,29.47764,-91.27153
657,29.39922,-90.58805
656,29.582778,-89.813056
655,30.23799,-93.283395
653,28.05947806,-93.31819778
648,29.78051,-90.77891
647,30.123889,-91.239722
646,30.20714,-90.95149
645,29.785833,-91.519722
644,29.582778,-89.813056
642,30.219389,-89.758222
638,30.01230278,-91.11937778
637,29.46416667,-89.55777778
636,30.31733611,-90.830575
635,29.61644444,-89.75716667
631,29.60468611,-90.87628333
626,29.53916944,-91.38623056
625,30.38138889,-91.22361111
624,29.85083,-92.3733888
623,29.30180278,-90.64808889
622,29.74055556,-92.94277778
621,29.5695,-90.59309167
620,29.98991667,-90.40298611
619,29.98706111,-90.39949167
618,29.98880278,-90.40139722
617,29.37405833,-90.26135278
616,29.57497778,-90.61286944
615,29.95952778,-91.28594444
614,29.10292139,-90.19158056
609,29.20862778,-90.05793611
608,29.16561111,-89.39558333
607,29.68479444,-90.15055556
606,29.41555556,-89.16638889
605,29.94789167,-90.27196667
604,30.431266,-91.279186
603,29.856856,-92.817889
602,29.40894722,-90.78694444
601,29.66527778,-91.12888889
600,29.78583333,-91.51972222
599,30.03858333,-92.74085556
598,30.23221389,-93.28864722
597,30.434167,-90.035555
592,29.03521389,-89.26318056
590,30.478802,-90.743971
588,30.058202,-90.423453
587,30.44694,-90.1475
586,30.388064,-91.188306
585,30.445111,-90.455433
584,29.9298,-91.25093889
583,30.02932222,-90.11987222
581,30.316,-90.82980556
580,30.22231667,-91.00593333
577,30.01414,-92.43438
576,29.06683333,-90.34030556
575,30.16615,-89.09669444
574,29.85913056,-89.971375
573,30.09639,-91.11528
572,30.37623,-89.90373
571,30.38806,-89.97917
570,29.95161111,-91.32377778
569,29.76920833,-89.78965833
568,29.63451667,-89.94102778
567,28.9555,-89.39778056
566,29.56916667,-90.54722222
565,29.56916667,-90.54638889
564,29.76833889,-93.730825
563,29.86088333,-93.83551111
562,29.81575,-91.54730556
561,30.260625,-90.65040278
560,29.10760833,-90.15311667
558,30.609167,-89.899722
555,30.218,-93.302
553,29.428611,-90.464361
552,29.955641,-91.981208
550,29.214014,-90.028511
549,29.67111111,-91.13416667
548,29.73965833,-89.471825
547,29.76647222,-90.90063611
546,29.23906667,-89.36290278
545,29.81922222,-89.65469444
544,30.25166667,-92.04061111
543,30.028175,-92.72885833
542,29.63042222,-90.75941667
536,29.85056,-91.10306
534,29.559231,-90.713611
533,29.35556,-90.19778
532,29.61780556,-89.89119444
531,29.48796389,-91.46906389
530,29.95583,-90.06083
529,29.67700278,-90.19973056
528,29.68958889,-92.22923611
527,29.66166667,-92.22578333
526,30.06213889,-93.35322222
525,30.09603611,-90.45015278
524,29.69888889,-90.30525
523,29.34933333,-90.80166389
522,29.08505556,-90.28952778
516,30.38806,-89.97917
515,30.272589,-90.975633
514,29.37993611,-90.258525
510,29.5212,-90.65918
507,30.38438611,-90.55389444
506,30.07888889,-90.53111111
505,30.05579722,-90.36794722
504,29.2002,-90.1147
503,30.26036,-91.61412
502,29.33388889,-90.19638889
501,30.26036,-91.61412
500,29.85305556,-90.85111111
499,29.71109167,-90.34416667
498,30.10027778,-89.72694444
497,29.33083333,-91.08555556
496,29.23891944,-90.66790556
495,29.38833333,-90.26305556
493,29.15071667,-89.22576389
492,30.15213,-93.30911
491,30.24526111,-90.94703611
489,30.3102,-93.2193
488,30.44075556,-91.22276944
487,29.533675,-90.13728333
486,29.69166667,-90.95333333
485,29.55666667,-90.69088889
484,29.71430556,-90.32269444
483,29.70552778,-90.338875
482,29.67933333,-91.46915
481,29.59452778,-91.71197222
480,30.25138889,-90.7775
479,29.52944444,-91.42194444
478,29.13813333,-90.22048333
477,29.59753611,-90.72332222
474,30.418633,-90.03995
473,32.5342,-92.1916
472,29.24694444,-89.99583333
471,29.93818611,-90.34977222
470,29.27527778,-89.24944444
469,29.83980556,-90.04169444
468,29.99633889,-92.80508611
467,29.68228333,-91.194725
464,29.85083333,-92.37388889
463,29.69916667,-90.31194444
462,29.15,-90.3
461,29.23420278,-90.23198611
460,29.99516667,-93.33555556
459,29.37916667,-90.62222222
457,30.44694,-90.12528
456,30.38806,-89.97917
455,30.17018,-93.19461
454,29.145727,-90.222025
453,29.41753,-91.00792
452,30.20904,-93.23428
451,29.81126,-91.09852
450,29.41333333,-91.39666667
449,29.69941667,-90.28752778
448,29.21027778,-90.05361111
447,29.30180278,-90.64808889
446,29.96076389,-91.11825278
445,29.73527778,-89.43527778
444,29.09033333,-90.23236111
443,29.67004167,-90.08578333
442,29.777725,-92.80215833
441,29.07375833,-90.28682778
440,29.07097222,-90.33333333
439,29.24694444,-89.99583333
438,29.46361111,-91.33972222
437,29.41444444,-91.38944444
436,29.18390833,-91.06167778
435,30.10289722,-89.75020278
434,29.08518056,-89.29210278
430,30.14723611,-91.67095556
429,30.27861111,-89.78333333
428,30.12164889,-93.41743111
426,29.83455833,-93.61908889
425,30.25163983,-91.72463
424,29.25308056,-91.06369722
423,29.36679167,-89.56096667
422,29.85935833,-91.219075
421,29.84633333,-90.03200833
420,29.80405556,-90.30181389
419,29.71555556,-90.34305556
418,29.37995556,-90.30703056
417,29.74264444,-92.75058333
416,29.40790833,-89.94611944
411,29.6731,-90.72334167
410,29.74758889,-93.87990278
409,30.10222222,-89.76166667
408,29.78472222,-92.15361111
407,30.27939722,-89.78408056
406,29.20961389,-90.05421944
405,29.50585556,-90.55759167
404,30.0526,-91.038
403,29.52119722,-90.659175
401,29.8094,-90.00078983
399,29.68448889,-92.25107778
398,30.134375,-93.2821
397,29.83055556,-91.99055556
396,29.98244444,-93.26955556
395,29.37222222,-89.55222222
394,29.61427778,-90.69536111
393,29.72101111,-91.86141111
392,29.23277778,-90.22472222
391,29.23944444,-90.22861111
390,29.12638611,-89.10158889
389,30.04225278,-91.048475
388,29.7169,-93.85008611
387,29.22429167,-90.0206
386,29.14572778,-90.222025
385,30.10289722,-89.76131389
384,29.09314722,-90.19323333
383,29.42580556,-90.65460556
382,30.42213889,-90.48283056
381,29.23666667,-90.22138889
380,30.05768889,-90.63370833
379,29.50955278,-90.02071111
378,30.47272972,-90.02683
377,29.28451,-91.12144
376,30.23376983,-93.39683472
375,30.23827972,-93.30865
372,29.78864444,-90.93485889
371,30.3163,-90.40717222
370,29.62541667,-91.32263889
369,29.53444444,-90.86916667
368,29.58435833,-90.35905833
367,29.27166667,-89.24916667
366,29.78958889,-93.75058889
365,29.62133333,-92.37286111
364,29.979625,-90.33452778
362,29.08861389,-89.28835278
361,29.47763889,-91.27152778
360,29.90785833,-91.22403889
359,30.04518889,-93.19276667
357,28.34881111,-91.56165833
356,30.19704167,-91.01896667
354,29.60556111,-90.76509722
353,29.43970833,-90.46063611
352,29.13941,-90.19056
351,29.76488889,-91.07913889
345,29.83608283,-90.76258278
344,29.56157778,-90.71855283
343,29.33517483,-90.84422472
342,29.468658,-88.94991861
341,30.50522,-90.02217167
340,30.00059983,-89.99472
339,29.86189361,-89.92911694
338,29.884083,-90.34258278
337,29.83997778,-92.87438583
336,30.16004361,-90.81516361
335,30.03791694,-90.41241694
334,29.80621694,-93.31371889
333,29.21286889,-89.03143083
328,29.65065783,-90.11223278
327,29.651361,-91.25440778
326,29.78050778,-90.77890583
325,29.77944389,-93.19805583
324,29.39922194,-90.58804694
323,29.92027778,-92.73166694
322,29.60194383,-90.67722194
321,29.68083278,-90.105
320,29.99472167,-90.46222167
319,30.32742778,-90.84508278
318,29.52944389,-91.42194361
317,30.14636861,-90.82994194
316,30.03294389,-91.17969194
315,29.71799983,-91.25452778
314,29.55923083,-90.71361083
313,29.43366683,-90.75561083
312,29.834156,-92.89364694
311,30.07166694,-90.68138861
310,29.59666694,-90.36583278
309,29.95583278,-90.06083278
308,29.42520278,-90.65338083
307,29.90474972,-91.21077778
304,29.11813883,-89.401639
303,30.30067183,-90.82409667
302,29.03412183,-89.33662194
301,30.085556,-90.91138861
299,29.97056361,-90.83031389
297,30.25447167,-93.235083
295,29.14274389,-90.74634167
294,29.69979972,-90.28872778
293,28.95677778,-89.40058283
292,29.34194389,-89.33388883
291,29.38472783,-90.73052167
290,29.11381694,-90.184667
289,29.62023278,-91.54283083
288,29.69413861,-90.100306
287,29.29041083,-89.36380778
286,30.16076972,-93.36122
284,30.58918778,-92.03198167
283,30.04666667,-90.57916667
282,30.40625,-90.15534972
280,29.65355583,-90.54238889
279,30.04027778,-90.23777778
278,29.69922167,-90.30613278
273,29.70361083,-93.61277778
272,29.72888861,-90.12361083
271,30.15778083,-91.39688583
270,30.20368083,-91.02580278
269,29.03976389,-89.32879194
268,30.02088278,-90.14246083
267,29.43963861,-91.00811083
266,30.3611,-90.08419
263,29.75640778,-93.86605583
262,29.35249983,-89.43055583
261,29.39269361,-89.78727778
260,30.02858583,-90.11564167
259,29.25777778,-89.351111
258,29.41387194,-89.51950778
257,29.64277778,-89.52777778
256,29.3775,-89.78027778
255,29.04178889,-89.32837472
254,29.38833278,-89.52277778
253,29.37429194,-89.37040583
252,29.57294361,-90.7115
251,30.31713983,-93.26613
250,29.76593083,-90.85028583
249,29.16618083,-90.82289167
248,29.80105,-93.685433
247,30.36109694,-90.084186
246,29.63186083,-90.21625
245,29.82652778,-91.80818583
244,29.99856694,-93.485917
243,29.083881,-89.29273861
242,30.366714,-90.566697
241,29.84639667,-91.53638861
240,30.004075,-93.33570783
239,29.57972194,-90.06472194
238,29.71874,-91.86961694
237,29.63451683,-89.94104667
234,29.95309972,-90.36400278
229,29.617806,-89.89119361
228,29.49693972,-90.74980972
227,29.59272694,-91.31104278
226,29.81853983,-89.65359972
223,29.33722194,-89.77249972
222,30.04179361,-93.18721083
221,29.39550278,-91.42189972
220,29.09054694,-89.28951861
219,30.166667,-89.73999972
218,29.50285778,-90.085864
217,29.98238583,-93.25902778
216,30.04179361,-93.18721083
215,30.16669983,-89.73999972
214,30.50633889,-91.53439883
213,30.49076361,-90.86166889
212,30.25510278,-93.234075
211,29.416833,-90.63821389
210,29.09777778,-90.31166667
209,29.319167,-89.32916667
208,30.40625278,-90.15534972
207,29.09777778,-90.31166667
199,30.00638861,-89.29210778
198,29.085228,-89.29210778
197,29.318611,-89.77888889
196,29.318611,-89.77861083
195,29.96434167,-90.36687483
194,30.10323861,-90.74348861
193,30.43363083,-91.202678
192,30.09591972,-90.60032983
191,30.00673278,-93.33581383
190,29.968001,-90.53788278
189,29.58302778,-90.00780583
188,29.968001,-90.53788278
187,29.968001,-90.53788278
186,30.01203611,-90.996275
185,30.36694983,-90.11125778
184,30.04336083,-91.08897167
183,29.10216083,-89.28046083
182,29.38128583,-90.55900278
181,30.14483889,-90.75951694
180,29.61364389,-90.69499167
179,30.14483889,-90.75951694
178,29.86225583,-92.12414667
177,29.86472194,-91.19972167
175,30.250444,-89.87433278
174,29.66722183,-89.96388861
173,29.6794,-89.9591
172,29.4003,-90.46102778
171,29.792193610000002,-92.10380583
170,29.36853883,-89.369056
169,29.635372,-90.75969194
168,29.75278,-89.92059972
167,30.90446861,-91.735269
165,30.90756167,-91.99622694
163,30.02730583,-89.42659694
162,30.00798861,-93.318628
161,29.41812783,-90.44862778
160,30.04599667,-90.43347783
159,29.12820583,-90.21665583
158,29.24749972,-90.22527778
157,29.19283278,-89.419167
156,29.56027778,-89.5125
155,29.52674694,-90.03996861
154,29.51166889,-91.38865583
153,29.15212183,-90.17870583
152,29.60279667,-90.76264361
151,29.22976361,-90.26199667
150,30.41935083,-90.57380472
149,29.42307972,-91.04591972
148,29.25056,-90.87555972
145,30.02730972,-89.42659972
142,29.37486361,-89.36976389
141,29.13749972,-90.13138861
140,29.684197,-91.15568083
139,30.41444361,-90.57861083
138,30.4601,-95.53019972
137,30.39833,-93.17221972
136,30.367222,-90.53638861
135,29.70333278,-93.61444389
134,30.25332778,-90.78036389
133,29.73822194,-89.99033889
131,30.16675,-93.23788972
130,29.62426889,-89.94033861
129,29.77441667,-91.33719361
125,30.21727,-91.99221
124,30.01666667,-90.73352778
123,30.502512,-90.321754
122,30.51612,-91.45327
121,30.34351389,-91.19679722
120,30.35541,-93.16925
119,30.11465,-90.95147778
118,30.54687,-91.46456
117,30.68069444,-91.220075
116,29.89206,-90.82247
115,29.42308333,-91.04591667
114,29.58027778,-90.3775
109,29.74472222,-90.04194444
108,29.74472222,-90.04194444
106,30.246,-89.776
105,30.49164,-90.92872
104,30.07031944,-90.66844444
103,30.44201111,-90.93123889
102,30.09117,-93.20914
101,29.59048,-90.69753
96,30.25374194,-90.78049833
94,29.57499972,-90.47611083
93,30.08300583,-90.441225
92,29.70668583,-90.72259389
90,29.81208278,-91.25456889
89,30.91374167,-91.73860972
87,29.75456083,-90.38826667
86,29.39550278,-91.42189972
85,29.81150583,-91.550189
84,29.43970778,-90.46063583
83,30.32437472,-90.83684972
82,29.34289694,-90.24603278
78,29.66585556,-90.11303611
77,30.02436944,-93.32865278
73,29.75850833,-92.71039167
72,29.58194444,-89.52333333
71,31.03566944,-91.78351389
70,29.98027778,-89.20897222
69,29.85891667,-89.13430556
68,30.05283333,-89.16194444
67,29.90865278,-91.305625
66,29.07036111,-90.67961111
65,30.0386,-93.330325
57,29.43061944,-91.44998611
56,29.35678056,-90.713475
51,30.20833,-93.29
50,29.64094,-91.11592
49,29.6735,-90.69313889
48,29.74907667,-91.46771889
47,30.20361111,-93.35277778
46,30.47111,-90.91194
45,30.2371,-92.9467
44,29.68013056,-91.22306944
43,29.20772222,-90.416
42,29.09061667,-90.12323333
41,29.60858528,-92.39571472
40,29.105025,-89.067858330000007
37,29.7625,-92.11388889
35,29.60167222,-91.52398611
32,29.65437,-90.54199
31,29.40111,-90.60889
30,30.29442778,-89.91801111
29,29.592125,-90.57774722
28,29.80134,-90.01649
24,29.67,-91.13333333
23,29.01431389,-90.45648333
22,29.79711111,-91.79505556
21,29.16482167,-90.47252361
20,29.953775,-90.485575
19,30.17838,-93.24863
18,29.57402778,-92.22305556
17,29.84472,-91.48833
16,30.4160737,-91.0075562
15,30.20533,-93.37586
14,29.97277778,-91.19416667
13,29.65436111,-90.542
12,29.85637778,-90.80398333
11,30.23388889,-90.74833333
10,30.27611111,-90.81333333
9,30.06049444,-93.59147778
8,29.20614722,-89.03622778
7,30.251,-90.77693611
6,29.26388889,-89.35333333
5,29.54844444,-89.69005556
4,29.57,-90.71361111
3,29.30452778,-89.61930556
2,29.46360556,-90.75074722
1,29.41901667,-90.77180556
